Experiment / Hardware,Petri Dish Geometry,Lighting Mode,Gravity Regime,delta_ext (mm),r_ext (s/m),r_tape/barrier (s/m),r_tot (s/m),Equil O2 (%),Equil C2H4 (ppm),Condensation Onset (h),Flight Biological Validation
NASA ABRS (TAGES),Square (100x100 mm),+ Light (GIS LEDs),Earth (1.0 g),1.8,45,650,1145,19.2%,< 0.10 ppm,28.0 h,Ground Control Baseline
NASA ABRS (TAGES),Square (100x100 mm),+ Light (GIS LEDs),Moon (0.166 g),2.1,65,650,1165,17.9%,< 0.12 ppm,18.5 h,Lunar Extrapolation
NASA ABRS (TAGES),Square (100x100 mm),+ Light (GIS LEDs),Microgravity (0 g),2.4,85,650,1185,16.2%,0.14 ppm (Scrubbed),11.5 h (Buffered),OSD-7 / OSD-16 (Mitigated Stress)
NASA ABRS (TAGES),Square (100x100 mm),- Dark (GIS Off),Microgravity (0 g),2.6,90,650,1190,15.5%,0.18 ppm,20.0 h,TAGES Dark Control
CARA Experiment,Square (100x100 mm),+ Light (ISS/VEGGIE),Earth (1.0 g),4.8,120,650,1220,18.4%,0.32 ppm,18.5 h,Ground Control
CARA Experiment,Square (100x100 mm),+ Light (ISS/VEGGIE),Moon (0.166 g),6.2,210,650,1310,16.8%,0.52 ppm,12.0 h,Lunar Extrapolation
CARA Experiment,Square (100x100 mm),+ Light (ISS/VEGGIE),Microgravity (0 g),8.5,380,650,1480,14.2%,0.85 ppm (Toxic),6.5 h (Severe),APEX-05 / CARA Flight
CARA Experiment,Square (100x100 mm),- Dark (Black Cloth),Microgravity (0 g),9.8,420,650,1520,12.5%,1.10 ppm (Epinasty),14.0 h,CARA Dark Flight
BRIC-LED,Round PDFU (Ø60 mm),+ Light (LED Cap),Earth (1.0 g),3.5,85,> 100k,> 100k,4.5%,1.80 ppm,4.2 h,Ground Control
BRIC-LED,Round PDFU (Ø60 mm),+ Light (LED Cap),Microgravity (0 g),> 20.0,> 1500,> 100k,> 101k,< 2.0% (Hypoxic),> 3.80 ppm,1.5 h (Acute),BRIC-LED Flight
BRIC Hardware,Round PDFU (Ø60 mm),- Dark (Canister),Microgravity (0 g),> 25.0,> 2000,> 100k,> 102k,< 1.5% (Severe Hypoxia),> 4.50 ppm,2.8 h,BRIC-16/19/20 Flight
APH Science Carrier,Round (Ø90 mm),+ Light (GLA),Microgravity (0 g),2.4,50,920,1290,17.8%,0.28 ppm,38.0 h,PH-01/02 Flight
